2020-03-09,1
2020-03-10,2
2020-03-11,3
2020-03-12,3
2020-03-13,7
2020-03-14,10
2020-03-15,15
2020-03-16,15
2020-03-17,18
2020-03-18,22
2020-03-19,22
2020-03-20,29
2020-03-21,40
2020-03-22,45
2020-03-23,58
2020-03-24,69
2020-03-25,88
2020-03-26,119
2020-03-27,155
2020-03-28,204
2020-03-29,241
2020-03-30,308
2020-03-31,350
2020-04-01,381
2020-04-02,441
2020-04-03,500
2020-04-04,552
2020-04-05,608
2020-04-06,652
2020-04-07,718
2020-04-08,764
2020-04-09,877
2020-04-10,931
2020-04-11,998
2020-04-12,1083
2020-04-13,1142
2020-04-14,1183
2020-04-15,1243
2020-04-16,1342
2020-04-17,1419
2020-04-18,1498
2020-04-19,1536
2020-04-20,1602
2020-04-21,1649
2020-04-22,1717
2020-04-23,1824
2020-04-24,2030
2020-04-25,2083
2020-04-26,2160
2020-04-27,2252
2020-04-28,2312
2020-04-29,2389
2020-04-30,2472
2020-05-01,2557
2020-05-02,2625
2020-05-03,2706
2020-05-04,2758
2020-05-05,2883
2020-05-06,2977
2020-05-07,3089
2020-05-08,3148
2020-05-09,3228
2020-05-10,3272
2020-05-11,3313
2020-05-12,3370
2020-05-13,3464
2020-05-14,3526
2020-05-15,3583
2020-05-16,3652
2020-05-17,3703
2020-05-18,3767
2020-05-19,3827
2020-05-20,3889
2020-05-21,3943
2020-05-22,3974
2020-05-23,4027
2020-05-24,4039
2020-05-25,4075
2020-05-26,4121
2020-05-27,4166
2020-05-28,4201
2020-05-29,4254
2020-05-30,4353
2020-05-31,4394
2020-06-01,4416
2020-06-02,4453
2020-06-03,4496
2020-06-04,4553
2020-06-05,4591
2020-06-06,4626
2020-06-07,4637
2020-06-08,4663
2020-06-09,4687
2020-06-10,4709
2020-06-11,4723
2020-06-12,4754
2020-06-13,4788
2020-06-14,4803
2020-06-15,4818
2020-06-16,4826
2020-06-17,4861
